{"cameraMode":{"drawMode":0,"name":"Shaded","section":"Shading Mode"},"sceneLighting":true,"audioPlay":false,"sceneViewState":{"m_AlwaysRefresh":false,"showFog":true,"showSkybox":true,"showFlares":true,"showImageEffects":true,"showParticleSystems":true,"showVisualEffectGraphs":true,"m_FxEnabled":true},"in2DMode":false,"pivot":{"x":9.121792793273926,"y":-0.45393696427345278,"z":1.6885021924972535},"rotation":{"x":-0.06885755062103272,"y":0.6546013951301575,"z":-0.06006305664777756,"w":-0.7504350543022156},"size":1.4353852272033692,"orthographic":true}