{"cameraMode":{"drawMode":0,"name":"Shaded","section":"Shading Mode"},"sceneLighting":false,"audioPlay":false,"sceneViewState":{"m_AlwaysRefresh":false,"showFog":true,"showSkybox":true,"showFlares":true,"showImageEffects":true,"showParticleSystems":true,"showVisualEffectGraphs":true,"m_FxEnabled":true},"in2DMode":false,"pivot":{"x":0.5178854465484619,"y":0.8061462640762329,"z":0.9986357688903809},"rotation":{"x":-0.05271727964282036,"y":0.8913695812225342,"z":-0.10748053342103958,"w":-0.4371964633464813},"size":1.4001542329788209,"orthographic":false}