{"cameraMode":{"drawMode":0,"name":"Shaded","section":"Shading Mode"},"sceneLighting":true,"audioPlay":false,"sceneViewState":{"m_AlwaysRefresh":false,"showFog":true,"showSkybox":true,"showFlares":true,"showImageEffects":true,"showParticleSystems":true,"showVisualEffectGraphs":true,"m_FxEnabled":true},"in2DMode":false,"pivot":{"x":8.452463150024414,"y":0.12026803195476532,"z":2.1302294731140138},"rotation":{"x":0.07229060679674149,"y":-0.6022912263870239,"z":0.054898325353860858,"w":0.7930986285209656},"size":1.3786827325820923,"orthographic":false}